{
  "guanyin": {
    "folder": "人物-2",
    "parts": {
      "head": {
        "file": "1.png",
        "match": 0.9161,
        "rect": [
          0.564145,
          0.364269,
          0.185581,
          0.095552
        ],
        "pivot": [
          0.7234,
          0.906
        ]
      },
      "body": {
        "file": "2.png",
        "match": 0.9725,
        "rect": [
          0.707785,
          0.431814,
          0.149671,
          0.208677
        ],
        "pivot": [
          0.4073,
          0.2836
        ]
      },
      "leftArm": {
        "file": "3.png",
        "match": 0.9838,
        "rect": [
          0.187226,
          0.397035,
          0.225603,
          0.186161
        ],
        "pivot": [
          0.8589,
          0.1457
        ]
      },
      "rightArm": {
        "file": "4.png",
        "match": 0.8943,
        "rect": [
          0.368695,
          0.36793,
          0.20943,
          0.054366
        ],
        "pivot": [
          0.2372,
          0.402
        ]
      },
      "leftLeg": {
        "file": "图层 5.png",
        "match": 0.9318,
        "rect": [
          0.427083,
          0.331869,
          0.211075,
          0.280981
        ],
        "pivot": [
          0.5215,
          0.1089
        ]
      },
      "rightLeg": {
        "file": "图层 6.png",
        "match": 0.9766,
        "rect": [
          0.368147,
          0.118433,
          0.3517,
          0.38477
        ],
        "pivot": [
          0.5328,
          0.1228
        ]
      }
    }
  },
  "longpao-wangmao": {
    "folder": "人物-3",
    "parts": {
      "head": {
        "file": "1.png",
        "match": 1.0,
        "rect": [
          0.085089,
          0.300376,
          0.364468,
          0.180639
        ],
        "pivot": [
          0.5167,
          0.874
        ]
      },
      "body": {
        "file": "2.png",
        "match": 0.9292,
        "rect": [
          0.370288,
          0.33797,
          0.214523,
          0.095301
        ],
        "pivot": [
          0.6507,
          0.1858
        ]
      },
      "leftArm": {
        "file": "3.png",
        "match": 0.9699,
        "rect": [
          0.560144,
          0.33515,
          0.199557,
          0.113534
        ],
        "pivot": [
          0.7803,
          0.5506
        ]
      },
      "rightArm": {
        "file": "4.png",
        "match": 0.9983,
        "rect": [
          0.685421,
          0.396241,
          0.233093,
          0.253008
        ],
        "pivot": [
          0.1036,
          0.1911
        ]
      },
      "leftLeg": {
        "file": "图层 4.png",
        "match": 1.0,
        "rect": [
          0.3398,
          0.464662,
          0.338137,
          0.300188
        ],
        "pivot": [
          0.475,
          0.146
        ]
      },
      "rightLeg": {
        "file": "图层 5.png",
        "match": 1.0,
        "rect": [
          0.449002,
          0.29812,
          0.171563,
          0.295113
        ],
        "pivot": [
          0.4773,
          0.1721
        ]
      }
    }
  },
  "lanpi-yaodan": {
    "folder": "人物-4",
    "parts": {
      "head": {
        "file": "1.png",
        "match": 1.0,
        "rect": [
          0.697837,
          0.470359,
          0.302163,
          0.257995
        ],
        "pivot": [
          0.4743,
          0.6104
        ]
      },
      "body": {
        "file": "2.png",
        "match": 1.0,
        "rect": [
          0.597929,
          0.346529,
          0.187329,
          0.172192
        ],
        "pivot": [
          0.3909,
          0.2313
        ]
      },
      "leftArm": {
        "file": "3.png",
        "match": 1.0,
        "rect": [
          0.052391,
          0.445203,
          0.422479,
          0.168682
        ],
        "pivot": [
          0.8911,
          0.1655
        ]
      },
      "rightArm": {
        "file": "4.png",
        "match": 1.0,
        "rect": [
          0.393847,
          0.348869,
          0.236065,
          0.147621
        ],
        "pivot": [
          0.3488,
          0.463
        ]
      },
      "leftLeg": {
        "file": "图层 5.png",
        "match": 0.9536,
        "rect": [
          0.480963,
          0.301092,
          0.203777,
          0.318253
        ],
        "pivot": [
          0.488,
          0.1116
        ]
      },
      "rightLeg": {
        "file": "图层 6.png",
        "match": 0.7791,
        "rect": [
          0.424002,
          0.0,
          0.526957,
          0.501365
        ],
        "pivot": [
          0.4147,
          0.1984
        ]
      }
    }
  },
  "fuhua-yahuan": {
    "folder": "人物-6",
    "parts": {
      "head": {
        "file": "图层 8.png",
        "match": 0.9909,
        "rect": [
          0.363237,
          0.022292,
          0.461728,
          0.268607
        ],
        "pivot": [
          0.5208,
          0.8806
        ]
      },
      "body": {
        "file": "图层 2.png",
        "match": 1.0,
        "rect": [
          0.296296,
          0.45818,
          0.473525,
          0.447494
        ],
        "pivot": [
          0.5455,
          0.1528
        ]
      },
      "leftArm": {
        "file": "图层 3.png",
        "match": 1.0,
        "rect": [
          0.076543,
          0.29311,
          0.354184,
          0.170413
        ],
        "pivot": [
          0.8202,
          0.3182
        ]
      },
      "rightArm": {
        "file": "图层 4.png",
        "match": 0.99,
        "rect": [
          0.359396,
          0.275424,
          0.216735,
          0.136514
        ],
        "pivot": [
          0.3232,
          0.4514
        ]
      },
      "leftLeg": {
        "file": "图层 5.png",
        "match": 1.0,
        "rect": [
          0.61701,
          0.368091,
          0.298765,
          0.247789
        ],
        "pivot": [
          0.4917,
          0.1079
        ]
      },
      "rightLeg": {
        "file": "图层 6.png",
        "match": 0.9865,
        "rect": [
          0.544307,
          0.273397,
          0.183813,
          0.144805
        ],
        "pivot": [
          0.3797,
          0.2446
        ]
      }
    }
  },
  "xuehua-daogu": {
    "folder": "人物-7",
    "parts": {
      "head": {
        "file": "图层 8.png",
        "match": 1.0,
        "rect": [
          0.663103,
          0.430271,
          0.269463,
          0.252562
        ],
        "pivot": [
          0.5367,
          0.6251
        ]
      },
      "body": {
        "file": "图层 2.png",
        "match": 1.0,
        "rect": [
          0.341557,
          0.657943,
          0.206414,
          0.30399
        ],
        "pivot": [
          0.5878,
          0.0916
        ]
      },
      "leftArm": {
        "file": "图层 4.png",
        "match": 1.0,
        "rect": [
          0.415022,
          0.512628,
          0.241228,
          0.201135
        ],
        "pivot": [
          0.7463,
          0.3179
        ]
      },
      "rightArm": {
        "file": "图层 5.png",
        "match": 1.0,
        "rect": [
          0.416667,
          0.285139,
          0.173794,
          0.301977
        ],
        "pivot": [
          0.158,
          0.1716
        ]
      },
      "leftLeg": {
        "file": "图层 6.png",
        "match": 1.0,
        "rect": [
          0.0392,
          0.408492,
          0.349232,
          0.179356
        ],
        "pivot": [
          0.4949,
          0.1696
        ]
      },
      "rightLeg": {
        "file": "图层 7.png",
        "match": 0.7182,
        "rect": [
          0.298794,
          0.327233,
          0.254112,
          0.140739
        ],
        "pivot": [
          0.6793,
          0.2135
        ]
      }
    }
  },
  "heilongpao-chou": {
    "folder": "人物-8",
    "parts": {
      "head": {
        "file": "图层 8.png",
        "match": 0.9942,